Aba Boost 1,Aba Boost 2,Aba Boost 3,Aba Boost 4
27530,28168,114296,57575
24660,38206,126666,56850
25587,51893,139693,53724
32035,88781,151687,45120
36479,98295,150383,42286
48471,122739,188795,-159281
47535,112713,192127,-151796
38423,41019,206129,-91847
-26095,45407,116633,-14159
-28171,41257,111941,-4077
-30412,32114,107684,10755
-39667,5925,112757,52839
-45255,-949,118091,64028
-50316,-1202,125852,68166
41231,131369,187571,-156088
42699,129863,187773,-154194
41911,119693,191203,-146819
40486,103608,194838,-134380
37087,58731,203649,-98347
33286,46210,206148,-88392
27715,38473,207053,-82036
-31453,47753,118287,-12217
-33502,42956,113416,-2105
-35784,33194,108922,12309
-45421,5419,112891,52770
-51159,-1873,117933,63235
-56374,-2362,125482,66727
38809,138193,186761,-150160
40553,136831,186917,-148240
39915,126517,190445,-141027
38607,110083,194229,-128927
35500,64140,203618,-93924
31771,51237,206333,-84491
26276,43210,207454,-78741
-31511,50621,119375,-10367
-33373,45277,114227,-331
-35481,34989,109413,13568
-37989,25203,107309,26886
-40950,15738,108350,39642
-44800,5768,112140,52498
-50626,-1944,116792,62370
-56081,-2673,124135,65336
38830,133190,189832,-134734
37641,116415,193763,-122991
-30831,48113,114511,1786
-32653,37375,109303,15175
-37616,17228,107402,40333
-41278,6778,110752,52708
-47026,-1358,114950,62102
72174,96686,210470,-18788
68353,87191,213805,-20750
64074,84776,216038,-27577
81804,96872,210282,-14497
78316,87374,213612,-16666
74510,84958,215838,-23396
88169,97107,211117,-10158
85040,87604,214456,-12426
81703,85185,216689,-18765
88915,97241,213701,-5886
86168,87736,217046,-8236
83296,85314,219288,-14130
82371,87751,221189,-4149
79957,85327,223439,-9597
76568,85374,227528,-5122
75728,85044,228254,-10334
79691,78893,162317,-11341
77031,85431,230389,-548
76628,85102,231112,-5310
81974,78992,165200,-12296
82187,77523,157443,-6972
89446,79014,166450,-13012
89668,77550,158698,-7686
102048,79620,166070,-13491
102271,78151,158281,-8251
102472,74164,150666,-4732
114107,79171,166143,-13640
114343,77703,158285,-8839
114550,73720,150596,-5641
114682,65770,142706,-5384
120594,76454,167316,-13676
120912,75048,159352,-9641
121199,71127,151605,-6999
121404,63214,143732,-7337
122803,71701,159261,-10874
123185,67935,151501,-9158
123527,60105,143785,-10330
123373,66457,148437,-11682
137600,164472,200324,115821
137199,147307,200971,103453
135015,118021,202241,76575
131463,104225,203657,60644
128377,93031,204551,48408
175581,34559,118947,-47995
179478,18360,126494,-54415
183534,5670,134118,-59518
130374,174178,197296,123712
136190,173580,197372,122492
136876,162708,199438,115533
136465,146003,199685,102860
134133,117603,200265,75316
130308,104350,201508,58863
126969,93721,202255,46277
125143,86493,200797,40218
167163,77275,118139,-23537
168123,64849,115519,-35059
173597,35355,121401,-49763
177728,18962,129590,-56050
181869,6121,137755,-61210
184831,2245,147259,-61144
128266,171844,196602,121146
134182,171450,196498,119941
134877,160879,198287,113032
134454,144636,198134,100439
127867,104405,199091,56379
124271,94345,199691,43753
122208,87584,198020,37910
160918,83684,122998,-16027
162012,79410,118096,-27552
163251,67191,115881,-38762
173234,20878,131680,-58501
177244,7890,140314,-63478
179986,3822,150086,-63429
129532,169088,195670,114720
130238,158818,197080,108149
122789,104225,196613,53266
118940,94740,197054,40974
116630,88434,195178,35554
154331,83109,116781,-32216
169512,11232,141364,-64806
172047,6971,151321,-64566
17095,138623,177937,-50769
17587,141257,185399,-51041
18885,126109,180855,22515
18320,117340,172478,17248
-10104,95096,150930,-23647
-16402,91992,147658,-19676
-18839,84559,139981,-2999
-17048,78862,136100,8199
5868,107478,119030,-40117
11428,83088,132576,-31718
15044,69330,142084,-26963
17397,58837,149715,-24464
-7680,89036,147166,-13570
-13249,90755,132861,-7058
-26780,18912,135198,-42413
-26668,7492,125688,-38772
-7216,-25838,129556,-16328
11715,-13979,153343,25746
15477,-17947,155653,32597
23379,-28413,160853,48826
26402,-35204,162248,58740
20862,131812,172580,-40924
19581,137449,179135,-44060
20078,140072,186608,-44895
18305,127747,187399,18064
19007,122251,182233,15361
18438,113952,173850,10084
-2169,95393,154059,-23734
-9842,93398,150870,-28639
-16237,90075,147371,-25193
-18470,87018,143442,-18531
-18834,82208,139370,-9588
-17195,76295,135671,1198
-15859,74155,131665,8485
2935,115797,114955,-35798
4591,108957,118747,-36440
6852,98110,124244,-32717
9897,85455,132631,-27759
13382,72166,142122,-22856
15529,62019,149817,-20154
16674,57868,155888,-18001
-2551,83047,160527,-12140
-9716,90170,148054,-9966
-15129,91559,134141,-3930
-17083,90841,120357,1852
-25837,20655,134781,-43306
-25719,9667,125263,-39611
-23374,-3686,119682,-32541
-12332,-19258,122690,-22201
-6417,-22711,128859,-17781
9311,-11549,152925,22717
12066,-12062,154406,26398
15809,-16041,156717,32944
20032,-20688,159622,39951
23743,-26513,161927,48116
26778,-33316,163322,57400
29482,-35588,163568,62671
28049,130805,173607,-30513
26938,136438,180168,-33754
27471,139057,187643,-35380
27284,139568,193356,-36447
24118,123650,188730,10142
24816,118456,183554,6873
24254,110630,175166,1384
24244,104444,166170,-3767
4232,93726,154522,-30110
-3284,91804,151032,-34884
-9595,88261,147309,-32084
-11727,84981,143143,-26121
-12000,79954,138980,-17834
-10390,73824,135368,-7523
-9237,71485,131677,-44
6626,115888,115212,-24195
8475,116891,114247,-30652
9806,110486,118192,-31034
11745,100075,123889,-27253
14480,87868,132392,-22322
17652,75050,141880,-17419
19396,65230,149662,-14606
20109,61127,155835,-12313
771,84619,160987,-6438
-6034,91300,148914,-4582
-11121,92367,135389,922
-12797,91673,121949,6522
-19867,28907,144737,-44503
-19566,22478,134350,-45516
-19440,11922,124822,-41943
-17211,-971,119245,-35179
-12411,-9829,118631,-29838
-6643,-15953,122187,-25267
-885,-19535,128185,-21448
12310,-9634,153974,22292
14793,-10149,155451,26157
18322,-14130,157764,32361
22401,-18779,160675,38817
26055,-24607,162985,46224
29083,-31415,164381,54649
31808,-33680,164614,59380
38785,129675,174735,-20306
37916,135304,181300,-23649
38500,137920,188776,-26064
38325,138437,194479,-28032
28218,117182,195014,4226
34388,119564,190064,2320
35080,114672,184878,-1509
34525,107319,176485,-7211
8210,90264,151504,-40924
2124,86502,147558,-38754
238,82998,143160,-33468
196,77758,138904,-25812
1878,71416,135362,-15951
19466,117742,113776,-25117
20331,111773,117787,-25172
21807,101801,123571,-21304
24084,90042,132164,-16399
26792,77686,141638,-11500
27958,68160,149542,-8597
2331,92141,149787,1250
-2281,92911,136637,6225
-3580,92202,123526,11576
-8897,24347,134023,-47890
-8761,14229,124487,-44427
-6692,1802,118912,-37955
-2252,-6690,118304,-32788
3129,-12649,121811,-28498
8563,-16361,127663,-25251
19575,-8301,156617,25067
22700,-12284,158936,30988
26454,-16938,161854,37023
29927,-22771,164169,43901
32887,-29583,165565,51632
35630,-31842,165786,55884
48600,134092,182512,-14270
49235,136705,189989,-17398
49067,137223,195687,-20183
38292,113024,196292,-2177
44445,115521,191355,-4818
45128,110930,186160,-9132
44577,104049,177763,-14976
58927,127261,177147,-2968
58536,132884,183718,-6377
59223,135495,191195,-10045
59057,136009,196893,-13464
55346,133570,202010,-29518
55022,129462,203574,-28280
45712,84428,208630,3947
43713,86825,203765,2914
53878,111632,192492,-10619
54552,107342,187292,-15246
54005,100933,178893,-21080
53963,96069,169917,-25485
25144,82252,128134,27748
27376,81450,144288,23031
67063,126053,178355,946
66912,131674,184928,-2287
67652,134284,192404,-6042
64180,132212,202948,-23064
63498,132064,203510,-26713
62959,127739,205157,-26118
62807,119897,207363,-21617
58826,88160,209820,-860
52939,81599,209197,1465
51123,83779,204175,305
49604,89386,200374,-3378
61902,107902,193470,-13220
62566,103912,188266,-17705
62022,97974,179868,-23174
31852,85604,121572,29716
33913,82663,130475,29768
35900,82306,146670,25864
36860,82414,162680,19156
30916,46932,147156,-26440
25879,41025,139251,-29357
71322,130470,186134,599
68619,130963,204181,-20153
67821,130701,204867,-23871
67090,126182,206574,-23800
66718,118114,208708,-20203
62165,85713,210471,-2672
56362,78934,209604,-776
54731,80897,204425,-1941
53450,86284,200616,-5328
66789,100643,189083,-18840
66248,95176,180688,-23828
38131,85021,123487,29466
40201,82451,132657,30211
42054,82536,148886,27331
42912,83074,164894,21641
39952,55690,156614,-18079
37426,49354,147874,-21883
32963,43227,139755,-24852
71857,129839,205317,-17187
71025,129545,206045,-20892
58716,76496,209798,-2824
57272,78242,204462,-4002
56231,83409,200643,-7101
45243,81369,134597,29501
47043,81877,150809,27692
47930,82872,166768,23167
45054,58152,156468,-13650
42804,51782,147438,-17348
38902,45524,139090,-20038
36191,40021,134389,-21514
47705,53721,145971,-13120
44316,47578,137332,-15285
42246,42106,132452,-16618
40097,36465,130615,-17605
52583,55143,143673,-9034
49650,49346,134686,-10537
48198,44108,129690,-11616
61905,12083,132635,-14948
64350,11882,141072,-18018
58429,74081,140577,23066
60258,75208,155760,23753
61679,77309,170579,22491
60064,61764,151378,-2589
58308,56496,141148,-4832
55776,51094,131816,-5800
54869,46165,126745,-6718
65839,21099,127237,-10319
67895,17069,135015,-10406
69888,16864,143892,-13554
71265,18041,153863,-18122
61467,73987,133435,20034
63555,71945,142285,22602
65397,73101,157061,23670
67019,75293,171433,22877
66471,62563,149153,-270
64840,57742,138596,-2386
62678,52768,129070,-3192
72977,25713,129141,-8070
74567,21679,137367,-8391
76105,21471,146691,-11460
77189,22651,157075,-15955
69236,72264,135116,21286
71243,70235,143797,23715
73076,71394,158164,24850
74913,73575,172089,24085
74226,58860,136164,-1795
72420,54338,126620,-2624
83948,25818,139660,-8515
85035,25615,149401,-11421
85769,26795,160089,-15612
86574,16422,174190,-8334
80428,68338,145600,26110
82171,69483,159535,27009
94400,28194,142644,-10753
95051,27983,152571,-13474
95388,29154,163348,-17183
93965,17931,176735,-11800
94653,18027,176193,-7797
102562,26300,157308,-16421
102508,27412,168038,-19603
97408,15284,181044,-15175
97769,15239,180357,-10924
97567,42923,124205,-11934
99163,39179,122585,-13826
100200,19126,176076,-22866
91729,5361,189095,-18152
91668,5298,188382,-13706
91808,3260,188390,-11119
93422,58748,156470,29961
94128,59688,169320,29867
102891,55283,175953,5545
102710,40832,123048,-15034
104594,37116,121418,-17167
105759,36025,125605,-19051
108285,39119,131771,-20144
100597,16233,177785,-25368
89622,796,191106,-20900
89121,731,190389,-16449
88822,-1314,190394,-13822
96135,61525,150749,27890
96003,59265,157751,28416
96252,60194,170174,28345
97788,61852,181834,26512
104993,56069,186333,11296
105855,54543,173717,6156
106489,52923,159577,226
107324,39784,120748,-16058
109495,36081,119093,-18575
110682,35072,123180,-20390
112929,38379,129133,-21191
88088,-1868,191012,-23660
87143,-1931,190301,-19430
86392,-3978,190312,-16996
85655,-9421,191175,-17989
98176,62934,152058,25263
97595,60659,158595,25683
97381,61571,170561,25836
98572,63118,181684,24450
106209,56457,183729,11384
107535,54659,170855,7033
108722,52702,156634,1776
85986,-3270,188928,-22453
84798,-5330,188936,-20401
102328,64152,157082,23055
101818,65218,168592,23350
102793,66823,179175,22382
111128,59508,179234,11169
112970,57428,166264,7672
122954,58904,140270,-3497
82947,87617,199375,42324
83095,70835,195807,35968
153389,79163,148499,9605
155067,77839,145273,5073
172677,36949,115701,-14647
171953,42093,118985,-16408
156407,35309,122129,-13997
152561,27449,125907,-20382
104473,-11397,171451,-64976
82997,116403,205259,57492
83711,104299,202881,52266
85084,88670,199228,46483
85922,71650,195570,39871
86658,55526,193128,34615
88269,44147,191369,34392
149875,84861,167033,13473
154919,82501,157037,10936
159487,80263,148061,6712
161181,79159,145189,1150
160744,77056,146464,-4975
158970,76624,151216,-8148
173153,39731,115047,-4795
175574,36286,113588,-9588
175071,36169,116753,-13284
174018,41536,119866,-15671
169623,46683,124823,-16842
162884,50460,130840,-13690
156817,53277,134733,-7141
159804,51940,127452,2259
160538,44114,123460,-4653
158941,32941,123215,-14026
154782,24666,127010,-20522
149691,18287,131567,-25373
144213,13603,135899,-28852
113339,3317,166787,-58134
108468,-3542,168336,-63327
104265,-13367,169331,-67940
101174,-27044,169244,-70753
100331,-35819,167977,-69711
82188,124276,205728,63626
82982,117824,204846,60295
84167,105483,202583,55184
86076,89550,199032,49409
87514,72306,195414,42585
88766,55982,192874,37034
90787,44527,191021,36537
146946,84268,177012,8709
152443,86147,167611,11616
157665,83685,157845,9001
162414,81404,149158,4457
164218,80374,146468,-1758
163870,78374,147588,-8613
162372,78006,151946,-12147
160815,80605,161497,-12540
170115,41251,118457,1349
173539,37853,114627,-1870
175833,34423,113231,-6784
175137,34403,116335,-10869
173919,39995,119237,-13940
169308,45326,123976,-15883
162326,49082,129782,-13266
156292,51782,133478,-6779
158746,52408,130868,6396
160389,49389,127055,3628
161317,41299,123249,-3416
159750,29862,123178,-13054
155431,21315,127111,-19687
150112,14662,131594,-24569
144383,9699,135721,-27945
138415,8653,139727,-27865
118282,7102,163632,-54016
113558,1838,164522,-59751
108288,-5064,166094,-65209
103680,-15088,167092,-69973
100166,-29200,167002,-72701
98937,-38387,165743,-71301
95998,-45992,167858,-68372
80672,125922,204856,63653
81845,119331,204275,60523
83429,106737,202147,55629
85779,90479,198731,50071
87673,72989,195249,43339
89268,56444,192704,37844
91517,44889,190769,37337
147068,86702,177374,5909
152706,88364,168188,9081
158049,85691,158639,6640
162919,83251,150165,2151
164800,82184,147568,-4185
164526,80172,148460,-11177
163324,79756,152426,-14665
168791,39537,116713,3251
172153,36131,112865,89
174393,32725,111415,-4930
172344,38642,117074,-12672
167575,44163,121587,-14943
160356,47910,127194,-12467
154336,50506,130758,-5845
159563,47095,125373,5679
160718,38788,121796,-1277
159259,27131,121959,-10861
154903,18363,126089,-17418
149485,11491,130561,-22191
143631,6309,134545,-25397
137541,5047,138325,-25062
118052,6342,160710,-53872
113171,1091,161583,-59705
107611,-5873,163173,-65210
102688,-16114,164174,-69888
98838,-30680,164080,-72289
97305,-40283,162829,-70495
77551,120713,203239,59551
79292,107888,201220,54928
85856,56868,192282,37901
153041,87985,158981,4475
159569,82269,148549,-13099
166868,35318,110466,1625
161522,43846,118540,-14193
154081,47573,123949,-11733
155841,37149,120029,960
145107,9291,129195,-19410
139389,3921,133027,-22413
99151,-16369,160707,-69054
95209,-31359,160609,-71016
-36045,103355,150857,27535
-34289,92115,143849,31685
-22724,34160,146858,49497
-8330,73760,126414,44504
-5529,66697,123917,49873
4385,52107,119835,55295
7584,42922,119318,55553
10967,109277,130805,-47749
-8595,81721,108683,-10574
-11736,80486,103886,-4154
-5342,60700,118262,-8695
32,60660,123240,-12816
-2796,43546,136172,-33890
-4227,26801,135763,-26429
-36226,106310,156250,22567
-34958,101844,150384,24814
-33205,90953,143375,28809
-30216,75872,137582,34318
-24002,45556,139172,41923
-21854,34460,146608,45121
-10824,74238,129940,41996
-9393,72739,127643,45852
-6725,65881,125373,51328
-1593,59459,122773,54924
2960,51728,121742,56483
6041,42753,121459,56544
6782,38644,121094,52489
18168,109220,125376,-33709
12991,110761,129663,-42944
7946,107574,132266,-45055
3325,101057,133915,-41611
-4699,81395,116805,-7688
-11092,83848,110962,-6525
-13899,82387,106241,-518
-11548,62748,111856,-4525
-5625,64027,116887,-8431
-31,64197,122061,-12850
4061,64241,124221,-18246
659,56627,133431,-35734
-1401,47475,134885,-34110
-2737,31105,134827,-27029
-30316,104324,156052,19239
-29048,100024,150184,21410
-27295,89475,143173,25179
-24316,74834,137380,30284
-20893,59805,135907,34091
-18166,45370,139014,37031
-16159,34383,146627,39531
-6958,72860,131294,42675
-5672,71324,129228,47088
-3026,64664,127188,52804
2204,58464,124806,56458
6902,50954,123990,57906
10141,42201,123913,57775
11006,38116,123776,53655
20466,106652,127794,-30051
15666,108650,131642,-38575
10970,105790,133814,-40515
6704,99448,135038,-37343
1891,82521,120225,-4058
-3922,84730,114214,-3140
-6222,83026,109548,2429
-3817,79735,108293,8940
-4513,64101,111085,-4220
1498,65612,116260,-8454
7265,66023,121651,-13054
11578,66256,123956,-18461
9224,58932,132476,-35646
7252,50144,134198,-34061
5957,34201,134529,-27425
6747,20953,133715,-19230
-20470,98308,149858,17325
-18721,88107,142845,20844
-15752,73910,137052,25507
-12336,59356,135568,28879
-9655,45303,138721,31337
296,70060,130664,47672
2819,63599,128861,53737
8040,57644,126680,57628
12886,50398,126040,59122
16376,41928,126110,58926
21309,107293,132911,-32750
17036,104760,134680,-34533
13202,98590,135548,-31656
7551,85397,116847,-784
5827,83469,112181,4337
8535,80013,111179,10517
6777,65269,109671,-4265
12635,67083,115047,-8638
18352,67774,120702,-13236
19458,53192,132806,-33368
18166,37708,133516,-27165
18943,24739,133141,-19577
20287,65943,108103,-4652
25745,68135,113785,-9083
31148,69196,119802,-13533
29219,80539,142069,-6557
29907,79727,147393,-5481
52033,70879,127109,19113
55519,70139,130567,18201
35094,66370,106426,-4483
40099,68919,112473,-8679
45069,70395,118913,-12678
49006,71618,121932,-16789
30795,4351,162869,-6633
28893,12743,166403,-9217
37705,80809,142061,-4423
38464,79760,147786,-3861
42335,82203,151047,-6011
68624,104272,132128,-34732
59437,71637,124407,14097
63371,70171,129421,15927
66748,69538,133322,15280
67882,66484,135010,14319
47180,66804,104792,-3525
51750,69556,111196,-7292
56276,71430,118062,-10585
59764,73100,121424,-13854
51571,13695,148429,-4617
41006,7918,163042,-4290
38613,16265,167067,-6715
12682,46336,150068,-22394
43001,87049,137609,-6594
43784,81182,142122,-3713
44427,79893,148369,-3616
48184,82262,152300,-5891
74493,106693,139921,-34983
73951,104721,132023,-32063
72889,100205,127095,-27412
71893,93711,122669,-21181
65657,71117,125903,10637
69264,69630,131376,12324
72374,69104,135714,11962
73468,66326,137768,11405
59736,70212,110068,-5788
63819,72375,117363,-8335
58497,17241,147867,-1857
47368,11352,163044,-1546
44475,19653,167555,-3633
47785,35241,166221,-6367
48084,81712,142520,-3200
48505,80185,149401,-3571
52051,82479,154019,-5973
56220,84816,158722,-10015
76843,107517,140901,-32286
76427,105343,132373,-29470
75475,100729,127049,-24987
74528,94176,122652,-19099
71948,69186,133040,8763
74710,68768,137812,8715
75697,66265,140317,8587
51161,14547,162967,1006
47762,22802,167960,-711
50672,38394,167066,-3015
77625,106517,133475,-26307
76853,101709,127597,-22048
76038,95012,123028,-16462
75366,87654,123436,-11202
73948,68876,134340,5572
76347,68569,139553,5839
77215,66345,142521,6144
78510,108276,135360,-21547
77957,103251,128869,-17553
77343,96357,123983,-12442
76840,88842,124510,-8015
74160,70310,128526,2235
76494,68750,135288,3413
78540,68552,140950,3833
79295,66605,144369,4357
75693,53867,121529,11100
78153,86861,114465,-551
61446,38204,142820,4995
58701,27783,152303,3936
60507,25913,161473,677
60925,26519,172111,-3740
57475,85813,147629,2394
57270,83584,156538,939
60208,85670,163158,-1501
63761,88455,169749,-4697
79760,113330,148298,-17558
79786,110472,137784,-15234
79452,105220,130648,-11699
79064,98092,125340,-7346
78788,90354,125870,-3906
78015,70435,128749,1277
79921,68841,135865,2107
81609,68747,141979,2401
82252,67072,145832,2809
80752,56570,135128,6204
79725,55233,122577,7955
78126,55030,109734,9179
75920,56708,97340,8387
68253,36179,144493,2985
64879,25839,154167,1858
66107,23977,163437,-1335
66233,24531,174111,-5880
60349,93087,143825,6594
60685,86461,151019,6247
60526,83876,160600,4751
63501,85779,167833,2567
81951,114345,152097,-9384
82143,111249,140805,-7570
82032,105770,132866,-4804
84486,68114,136362,1623
85869,68179,142993,1416
85702,57532,137252,2215
84960,56144,124304,3061
83724,55804,111000,3666
82012,57424,98082,3096
71544,24418,155522,246
72203,22607,164835,-2805
72020,23132,175514,-7306
71900,54162,146206,-4635
65252,86352,155390,11634
65342,83326,165458,9938
68575,84941,173055,7637
86555,113847,155971,-2848
86842,110548,143898,-1829
93047,58053,139221,-2552
92490,56666,126048,-2403
91506,56240,112464,-2226
78945,23593,156301,-858
78965,21871,165593,-3798
78364,22406,176238,-8228
79293,54065,146807,-9022
76767,52325,146079,-4555
72094,81972,171214,15350
101479,57619,140801,-7300
100902,56316,127600,-7793
99966,55910,113960,-7982
86948,21868,165596,-4511
85967,22497,176141,-8849
88950,55474,145526,-12886
86674,53844,144512,-8233
112373,56595,140599,-12056
111549,55425,127489,-13110
110483,55135,113937,-13565
109469,56951,100513,-12831
95290,22456,165000,-5251
93950,23222,175414,-9482
99096,57578,143442,-16582
97116,56094,142234,-11859
95756,53138,140198,-8409
114489,78647,129041,7521
125484,60712,124152,-5814
125832,59676,132612,-7616
126092,60528,140584,-9436
123212,55102,139702,-15252
122097,54075,126725,-16349
120876,53932,113314,-16633
119940,55896,100038,-15299
101909,24359,174283,-10233
109110,60068,140986,-20496
107412,58728,139652,-16034
106358,55912,137532,-12805
101176,84960,169704,27439
101502,80500,179916,25747
121259,100555,185403,14836
121356,83548,129926,8659
121730,74568,128428,7139
122628,65680,131048,5183
123794,57860,136954,3005
135575,57921,121901,-8092
135643,57045,130515,-10158
135616,58054,138644,-11893
134988,57962,144538,-13056
129895,52511,125675,-18024
128530,52514,112408,-18004
118725,62779,138323,-24819
117192,61586,136920,-21118
116327,58917,134809,-18586
115906,52660,132886,-19530
108932,93482,163240,27036
108882,84868,171396,26917
108798,80104,181620,25612
112557,80117,188993,23499
126956,94894,196918,18618
126647,98363,186533,17953
125845,101043,176033,16983
125975,79867,129535,10195
126348,70590,127744,8322
127279,61451,130107,6281
128517,53449,135795,4321
143202,55038,119354,-8612
142993,54317,128117,-10905
142699,55481,136407,-12537
141866,55542,142452,-13619
125968,64624,134148,-26253
125047,62103,132141,-24660
115282,93734,164522,25897
114757,84817,172683,25770
114220,79750,182914,24969
117502,79460,190288,23542
130460,93042,198150,21454
129696,96214,187576,21520
128441,98597,176813,21073
147627,52777,133935,-12587
146767,52993,140131,-13652
120047,84715,173691,24388
119052,79344,183922,24135
121878,78750,191294,23438
125885,79499,198025,22343
133180,91138,199156,24460
131967,94013,188525,25307
151979,63751,150215,37588
161215,42061,117199,-9973
160057,43843,125717,-11351
159298,44520,132254,-12433
133358,24846,166866,-16679
122902,32464,173910,-13831
120040,48058,175020,-10296
150756,46110,162938,31222
159642,52424,149664,39283
167304,38724,105960,-3995
165692,38778,114484,-7537
164343,40713,122865,-8900
163667,41543,129371,-10029
174793,71705,117163,12562
160344,32272,148954,-17555
140106,24684,167036,-17656
129136,32254,174126,-14645
125875,47847,175235,-10895
173824,35208,103474,3389
172039,35413,111843,-318
170605,37497,120073,-1826
185889,67015,104481,11800
184733,70587,116027,13627
183895,74429,123399,15026
170066,32210,149002,-20676
149258,24516,167190,-21107
137779,32039,174327,-18378
183220,32012,109246,8512
181937,34243,117323,6785
202209,61391,92351,10529
201582,65718,103064,12109
200151,69443,114757,13455
199017,73439,122281,14700
163820,24400,167314,-25874
151849,31877,174499,-23568
213179,66309,130825,-19348
219506,59806,90746,10496
218597,64287,101605,11416
216875,68167,113445,12223
215439,72319,121119,13280
228324,83076,142662,-2538
226332,76980,135302,-11696
223222,68000,129146,-23712
216993,58851,127353,-34651
208029,49611,130377,-44037
196531,41485,138355,-50744
176398,92166,115018,-62907
172015,87241,114511,-70103
168871,84541,112915,-77214
165031,82011,112135,-83763
161420,79258,111282,-89839
158105,80119,110429,-90450
145893,134197,151505,22622
148542,128718,153592,27000
150760,118606,156196,27105
152331,107945,159879,26716
152992,96546,165462,25248
152377,85219,173585,24377
156882,50818,127872,69309
159592,40018,124702,62925
162479,29453,125667,56012
165107,20075,130001,49758
166997,12433,135161,45582
167728,6434,140818,43489
167505,2721,145745,43483
195235,25579,108143,60926
204310,29016,95252,58772
210924,28302,86952,51965
213079,26221,85679,43988
237194,58174,89012,9443
236016,62806,100018,9660
233983,66837,112007,9918
232241,71141,119831,10791
235363,82739,127517,8191
236035,77965,128279,2098
236992,66518,128382,-10000
238888,55956,128028,-21573
239207,86397,147477,549
237276,84546,141180,-4773
235139,78599,133669,-14468
231884,69766,127362,-27213
225508,60764,125418,-38911
216405,51671,128293,-49016
204760,43694,136122,-56298
196905,44003,143415,-60082
179945,96349,113227,-65925
175079,91567,112869,-73616
171580,89012,111422,-81382
167527,86573,110791,-88606
163772,83748,110088,-95220
160306,84472,109386,-96074
159454,90216,106358,-91458
144325,135369,148523,12794
147611,135855,150767,23302
150715,130073,152859,27867
153385,119663,155463,27946
155409,108705,159143,27540
156519,97007,164723,26082
156366,85382,172840,25327
155649,77613,183037,28931
161461,58747,137489,82904
164756,48124,127868,77692
168044,37176,124688,71262
171321,26459,125539,64061
174110,16928,129698,57378
176148,9136,134708,52756
177018,2986,140222,50312
176936,-880,145000,50257
207068,21220,106680,69502
216741,24669,93641,67324
223871,24065,85191,60265
226322,22154,83766,52010
254508,56456,87198,9075
253091,61237,98351,8771
250733,65417,110489,8618
248677,69871,118465,9315
251580,82224,126916,6538
252395,77601,127829,9
253512,66312,128082,-12860
255549,55905,127861,-25179
242390,86056,139528,-6815
240110,80258,131866,-16799
236710,71570,125410,-29909
230183,62711,123317,-41982
220933,53761,126045,-52442
209147,45933,133729,-60021
180542,100634,111484,-69574
175378,96008,111272,-77561
171670,93572,109972,-85658
167467,91167,109487,-93144
163588,88218,108930,-99853
159968,88788,108376,-100693
146212,137550,149868,22655
149611,131457,151977,27474
152581,120747,154585,27721
154905,109493,158263,27487
156308,97496,163840,26215
156455,85571,171949,25690
167785,45523,127743,82418
171507,34429,124605,76084
175093,23563,125383,68872
178041,13881,129367,62136
180226,5940,134218,57449
181238,-360,139582,54963
181302,-4378,144210,54964
213278,16956,105190,75409
223397,20359,92009,73283
230919,19821,83415,66106
263428,59614,96606,9282
260913,63939,108891,8880
258709,68541,117017,9413
261681,81639,126219,6089
262643,77167,127279,-704
263921,66037,127681,-13970
240608,82140,130236,-18543
220985,56125,123949,-54612
209046,48456,131484,-62334
172428,100422,109796,-81985
160208,92580,107932,-104259
144464,132772,150928,26142
151462,97938,162762,25719
168629,31711,124697,78801
177857,2773,133975,60605
179012,-3680,139194,58258
222711,15993,90567,77658
263237,62565,107207,10524
265642,76870,126672,-126
267079,65917,127245,-13563
108766,140648,135226,-19904
108217,136367,139807,-27487
108209,131387,144341,-34587
105783,117009,155711,-47819
107951,112733,158839,-54330
111215,109401,161513,-60661
115310,106764,163072,-66391
164285,21335,132703,-34496
166426,16696,124432,-35680
134007,157925,125389,82985
135487,156689,131459,79939
136575,151469,138043,73012
208729,4915,86147,-18257
206515,4849,86085,-11298
198259,34397,121977,-44843
69741,70753,214203,2867
99971,268805,-6335,-8558
70375,75011,215613,-524
69797,73035,214263,-287
129510,34380,148008,-51397
124730,27902,145256,-44695
116292,29280,148298,-46107
112467,23833,144307,-39560
119476,50776,153348,-63782
118657,46373,154143,-59770
113724,37666,154622,-53335
108616,30620,151458,-47490
104687,24945,147201,-41474
112933,52907,156793,-63739
112189,48403,157515,-60317
107156,39310,157918,-54266
101870,31960,154602,-48886
97839,26047,150099,-43346
98532,63928,162914,-61647
101053,63101,165725,-63284
100980,59298,166554,-62494
101246,62590,168094,-60747
100707,60895,169927,-59186
96188,73836,166606,-54887
99324,73372,169834,-57403
76270,20104,142070,-38368
75020,18104,145064,-37339
90340,77136,167856,-53039
93612,76936,171286,-55607
93860,73224,172186,-56230
93706,68294,172738,-56785
77128,39812,163154,-49137
71888,32740,157538,-46776
67803,25883,150613,-42386
70644,23252,143308,-38023
69516,21284,146538,-37199
68835,19301,153129,-35557
67082,75038,154302,-38524
72564,76902,162150,-42839
82251,79951,170349,-50463
85609,79941,173963,-53417
85864,76338,174958,-54333
63535,35137,160155,-46684
59384,28076,153110,-42611
54743,18581,164677,-33694
47665,21145,150533,-36345
-7871,35275,139327,-31036
-11126,7370,144522,5885
61476,77260,155740,-32014
67123,79387,163955,-37058
72735,81567,167749,-41859
55740,21556,170236,-36085
49654,20350,168358,-37166
42369,22895,153887,-40447
24244,49032,84726,-51015
22524,42408,80720,-42359
20571,36481,76973,-34365
17563,30703,78835,-27034
14228,25816,84420,-20077
4399,73031,75641,-35745
8080,74882,81782,-33295
12259,72761,96157,-26644
14925,70369,110781,-20934
10641,68419,125037,-19728
-907,100103,131975,-33838
-2132,99360,130298,-31462
-3694,72922,132266,-61074
-4851,60135,129483,-53075
-5951,47335,132085,-44947
-7533,35369,136431,-38111
-8061,27455,140861,-35134
-13746,39216,137230,-39701
-16826,35572,141006,-28948
-19823,28173,146575,-17784
-20454,12174,150572,819
-20708,7030,147698,6752
-20528,6934,144714,8080
58245,79367,157171,-25369
64053,81757,165753,-31037
69829,84199,169787,-36423
53727,23507,173811,-36850
47699,22237,171937,-38344
40340,24782,157122,-41996
24514,53744,90472,-56209
22731,51051,86029,-51807
21127,44017,81981,-43297
19290,37704,78188,-35428
16381,31529,80147,-28260
12938,26260,86042,-21424
909,73849,76275,-35937
4460,75696,82560,-33762
8496,73372,97352,-27322
10983,70809,112417,-21765
6228,68692,127172,-20692
3854,69290,130318,-18091
-7741,100725,133357,-33289
-9219,99855,131699,-31090
-11095,93511,125573,-24309
1883,65621,130211,1474
5425,60855,128563,8029
589,45809,115227,31305
-7364,84904,134942,-68696
-8092,72992,131702,-61103
-8960,59986,129326,-53132
-9774,46930,132330,-44994
-11045,34921,137087,-38327
-11264,27164,141982,-35739
-12942,19460,147732,-33623
-18670,39830,138806,-37711
-22125,36009,142869,-26588
-25254,28418,148880,-15663
-25880,20160,152600,-6404
-26060,11904,153628,2313
-26338,6654,150788,7556
-26180,6460,147546,8436
25334,55946,91858,-57586
23873,53007,87411,-53169
22602,45554,83328,-44734
21094,38846,79496,-36924
18528,32282,81564,-29794
15305,26595,87765,-23096
1490,74572,76944,-35975
4912,76394,83352,-33967
8802,73878,98568,-27638
11144,71144,114074,-22133
6160,68868,129310,-21001
3551,69355,132467,-18127
-9312,101364,134620,-31271
-11023,100399,132841,-29195
-12925,93731,126675,-22734
-7941,62065,130723,1944
-2717,66653,131367,-1088
1011,61869,129781,5398
-1962,55284,121298,12974
-2437,51213,116343,20403
-3319,46363,116455,28202
-4326,44268,118218,33252
14788,84394,86346,45324
15694,90970,67958,49012
16629,93923,52065,56400
18937,100937,25781,70023
21012,105330,13370,75975
-11619,73199,131123,-60701
-12226,59996,129140,-52672
-12784,46706,132538,-44420
-13749,34679,137707,-37854
-13787,27087,143079,-35636
-26309,36777,144737,-23383
-29504,28954,151144,-12694
-30290,11816,156494,4544
-30616,6476,153828,9106
-5411,67527,132491,-3284
-1558,62676,130996,3175
-4365,55899,122383,10758
-4670,51720,117316,18117
-5346,46800,117534,25906
-6205,44619,119479,30772
12575,84385,88147,46024
13276,90684,69388,49942
14080,93430,53162,57376
14843,96471,39837,64516
16039,100015,26693,71064
17944,104192,14162,77035
20477,115125,2673,76810
52968,85740,162104,-6658
58860,88720,171716,-13704
65068,91752,176428,-20834
52574,27626,183464,-42229
47108,26082,181614,-45176
40025,28547,165861,-50128
11221,84445,90167,46163
11757,90425,71041,50357
12499,92917,54455,57912
13108,95712,41058,65168
14156,99048,27798,71810
15879,102983,15113,77905
18350,114024,3636,77851
54055,84583,144693,2941
58017,87843,162245,-2162
63785,90997,172179,-9384
69866,94204,177074,-16714
78502,93426,188670,-34285
78502,88642,189830,-38284
58624,36094,157542,-32888
57856,33836,161564,-36840
58208,28714,184688,-43417
52894,27054,182826,-46705
45873,29459,166939,-51908
-9960,-16338,161260,51855
-4956,-11670,164528,47032
-986,-8146,161008,43512
61200,89570,162642,-611
66831,92943,172913,-7604
81257,95661,189691,-31784
81115,90875,190899,-35780
75505,76895,191759,-33616
57682,40162,166488,-31384
62084,37500,158062,-31646
61374,35232,162048,-35572
56790,28250,183948,-45382
49886,30644,167988,-50454
-11995,68189,113353,-1903
-12884,64558,116898,-580
-11646,-23206,157240,53838
-6969,-18791,163131,49664
-2126,-14340,166570,45312
1537,-11153,163103,42377
3458,-10156,156242,41358
81384,101230,188760,-25202
81532,98068,190402,-29475
81050,93256,191672,-33583
75442,79052,192502,-31616
58483,41777,166737,-30043
62996,39118,158238,-30640
62339,36839,162199,-34555
62224,34358,171422,-37422
-7410,67302,112132,-2047
-8436,63660,115826,-813
-11506,64616,122112,-4727
-12152,91814,109008,-29927
-13545,-28497,147637,55612
-8570,-24960,158316,51264
-4078,-20728,164382,47536
605,-16451,167995,43592
3973,-13581,164587,41212
5578,-12924,157598,40819
80950,100806,190610,-28055
62767,38973,161789,-34334
-4610,65556,110318,-1488
-5773,61901,114143,-332
-8984,63012,120526,-4027
-12631,91187,123467,-28628
-9528,91616,106884,-27902
38666,68448,97200,-1886
34313,100907,73241,-12973
49476,72714,92528,-1853
47318,68526,97344,-1755
42797,70593,104177,-3379
36081,103921,104171,-13545
40816,106058,85468,-12846
43302,101410,72872,-10375
58469,72865,92625,-145
56337,68667,97431,-578
51731,70721,104261,-2192
49753,106171,85529,-10995
66759,68861,97515,1342
39689,51889,131635,-3383
41548,46534,139926,-11332
71752,44946,113464,-8455
45900,51908,131250,-450
47800,46614,139612,-8543
81269,48537,110773,-11637
80757,44995,113577,-11825
52073,51903,130867,2451
54001,46675,139295,-5694
64973,63049,141425,-10609
90162,48516,110992,-14562
89574,45008,113752,-14957
58179,51853,130467,5319
60106,46696,138960,-2805
72279,63769,141843,-8975
71793,67329,135859,-816
103862,92336,76488,-10582
103602,81772,78030,-11582
97934,45054,113926,-17892
97013,75299,115129,-8294
64352,51804,130094,8210
66251,46715,138651,202
79634,64470,142242,-7329
79040,67872,136102,1100
121838,74118,93128,10404
119879,69863,97907,6208
114842,71856,104728,3111
111098,79036,109494,1351
110156,88542,108616,-976
115277,102495,73235,-9942
113778,92500,76552,-11037
113513,81935,78077,-12134
113322,72202,85968,-13871
106070,45106,114084,-19938
103438,75148,115552,-11789
70422,51544,129932,10960
72222,46510,138560,3079
86770,64876,142842,-5926
86044,68114,136538,2713
130643,74469,93367,10790
128720,70196,98122,6343
123722,72170,104924,3493
119952,79330,109678,2339
119009,88819,108793,619
117587,97539,110405,-1468
113282,45170,114314,-21471
109205,75011,115989,-14709
108923,80125,96729,-5407
78022,46240,138406,5930
93741,65277,143375,-4372
92872,68372,136922,4315
138772,74654,93614,11098
136844,70386,98362,6395
131889,72365,105143,3861
128086,79522,109880,3326
127126,89010,108994,2202
119815,45353,114603,-22898
120013,48331,117993,-29673
114576,74986,116548,-17687
114412,79966,97426,-8216
83894,46228,138158,8986
100828,65960,143896,-2352
99814,68910,137314,6158
97266,68216,134508,13620
126670,48564,118080,-31120
119872,74940,116992,-20810
119821,79795,97999,-11219
89906,46292,137896,12120
106895,69501,137659,8077
104471,68653,134711,15025
133398,48734,118198,-32648
125148,74812,117410,-23868
125193,79539,98537,-14387
125063,80519,78887,-9516
95984,46292,137632,15219
140123,48931,118361,-34130
130574,79276,99156,-17606
130577,80131,79631,-12790
146436,48660,118912,-35584
135541,78611,100181,-20760
135669,79343,80803,-16157
152889,48315,119473,-37123
154016,-30768,133900,-49427
153872,-30128,145422,-47705
151100,-26788,156748,-43092
148119,-22925,163115,-38273
145067,-18787,167003,-33421
141722,-16678,163184,-28503
157015,-30241,133291,-51855
156478,-29220,144546,-50221
153426,-25610,155726,-45562
150226,-21520,161850,-40568
146916,-17126,165524,-35529
143566,-14762,161484,-30924
165214,62772,131734,15263
182491,82229,94107,30894
180110,87256,94106,36013
156355,-24115,154735,-47424
152928,-19894,160632,-42840
149363,-15437,164085,-38240
162900,57964,125396,11820
166396,60464,132186,16105
169570,63992,136570,20381
173209,68475,131701,24035
179415,75995,120019,29397
182141,78437,107621,30899
168389,58965,132021,19104
171766,62408,136256,22807
175626,66806,131484,26072
182193,74165,120127,30662
184971,76653,108045,31506
110163,93455,169987,52362
109615,82037,169835,47712
121966,61452,155952,39096
126666,54450,150650,34531
144566,88734,112674,86209
146011,85623,113321,86474
147221,76407,114135,80846
148030,64038,114414,72486
148993,52027,115911,64092
151198,40582,121844,54215
177964,53632,160538,30198
179076,57858,152900,30380
177599,58447,147309,29549
176588,35654,155564,7266
176635,26351,161513,-1805
176735,18839,163825,-9333
109649,92829,170881,53341
110379,91467,169641,55275
110046,80098,169562,50525
112677,71721,166533,47603
122068,59606,156092,41323
126640,52686,150890,36516
131517,52841,144379,34867
217550,97982,120488,28491
220999,91989,114379,20816
224166,86370,110312,13827
227272,80600,107762,6882
230126,74272,105722,-290
226549,73797,116019,-10283
145738,85936,112422,85519
147471,82859,113075,85613
149003,73667,113901,79675
150125,61581,114177,71335
151451,49953,115735,62854
153954,38880,121486,52831
180076,53430,160348,29812
180918,57374,152968,29851
179550,57828,147570,28558
178695,35417,155773,5803
178746,26410,161714,-3233
178847,19195,164015,-10550
109745,89439,169229,55664
109437,78131,169213,51114
121001,57729,156133,42455
125436,50882,151038,37828
130321,51061,144553,36429
216848,96156,125172,32907
220305,96523,121397,30776
223842,90928,115626,22934
227070,85664,111940,15752
230217,80243,109571,8603
233173,74285,107563,1214
236414,72742,110088,-2257
234590,94942,94202,11857
232887,87349,95979,4710
231193,80669,102269,-1364
230432,76388,111330,-5961
229772,73916,117166,-8896
228933,73295,118277,-9821
227881,74395,120635,-9039
212006,92002,134184,6182
206117,84635,136489,417
205047,74895,134697,-6357
199759,68695,133251,-15935
197030,65964,131944,-26871
194805,66831,131691,-34802
145071,83107,112107,83171
146905,80061,112769,83191
148587,70899,113609,77176
151372,47868,115506,60693
153978,37166,121072,50798
179823,56943,152987,28908
178563,57245,147791,27439
177846,35246,155904,5082
177899,26533,161849,-3665
106021,76111,168789,50408
117133,55799,156091,42751
121441,49017,151103,38477
220930,94990,122356,32082
224525,89773,116943,24392
231022,79802,111396,10354
234027,74213,109425,3062
237546,72794,111714,-351
237476,93894,96250,13527
235627,86523,98049,6530
233696,80144,104076,590
232725,76171,112827,-3887
231879,74007,118363,-6733
230904,73660,119172,-7670
229801,74757,121223,-7065
214515,91891,133875,7699
208687,84681,136271,1766
207634,75146,134872,-5123
202303,69141,133673,-14737
199470,66712,132368,-25798
197235,67939,132015,-33867
174089,91951,113489,-39799
175817,92167,98821,-42222
179107,88233,79447,-52773
180019,86771,71605,-57301
180174,85730,63444,-60848
235364,85752,100080,6657
231501,74145,119531,-5701
230533,74045,120047,-6394
214741,91813,133505,8471
208991,84765,136039,2645
207939,75443,135037,-4015
199654,67504,132786,-24172
197419,69091,132307,-32066
173140,91814,126888,-36789
174358,93300,113518,-38299
176021,93567,99269,-40948
180221,88697,73285,-56272
180385,87821,65589,-59924
180389,94239,57075,-57040
172429,94743,113549,-37359
173986,95054,99722,-39953
177951,90681,75017,-54602
178052,89970,67766,-58059
37507,109069,219755,23403
41626,100760,225564,26823
43985,86327,230441,27050
44774,66976,236056,26117
46999,49215,239941,21888
50388,31716,246766,5786
33945,108347,215819,24068
37846,99994,221462,27294
41141,66665,231825,26775
43506,49396,235884,22246
47198,32944,243526,6100
30669,107705,211615,23164
34362,99312,217096,26321
37747,66527,227299,26245
40295,49789,231713,21580
27321,107331,206945,22371
30792,98914,212278,25210
34166,66702,222396,24923
36929,50575,227155,19918
39181,40409,232113,9582
41301,36237,236527,3985
24037,106253,202605,22600
27253,97837,207795,24960
29276,84354,212218,24849
30553,66239,217953,23960
33467,50805,222991,18384
38237,37517,233225,2493
20851,104153,198755,23568
23799,95743,203795,25465
25771,82523,208165,24993
27014,64786,214120,23747
29965,50085,219409,17528
-66678,55090,149936,-31393
-64087,46989,151475,-24106
-50043,11109,166193,8918
-68976,56216,148842,-33924
-66205,47913,150359,-27025
-63281,39613,152595,-21071
-53013,16065,161777,-1178
-51538,11084,166568,3379
-49983,7095,169617,8005
-14776,-7704,157492,60941
-7983,-12451,154929,68225
11997,-38385,143785,103314
13361,-42389,139665,109732
-66359,58007,146847,-35859
-63404,49510,148206,-29385
-60296,41014,150612,-23943
-49604,16770,160780,-5289
-48290,11828,165926,-1064
-47187,7763,169465,3215
-23973,-12407,161137,60827
-16671,-10841,159367,61961
-9771,-15861,157079,68596
-3247,-20859,154655,75140
7901,-33321,150061,89818
10400,-43114,145510,101326
11693,-47159,141079,106959
12811,-45533,137903,107443
27339,125455,192003,-99746
24576,113084,196614,-92227
-57174,52182,144758,-32296
-53893,43505,147225,-27323
-42926,18584,158508,-9686
-41950,13652,164030,-5858
-15884,-12652,160030,62561
-8855,-17947,158009,68709
-2207,-23213,155867,74671
9085,-36291,151007,88272
11499,-46541,146109,99384
12729,-50637,141345,104254
25449,143761,183815,-104375
23384,130144,190846,-96358
20422,117536,195486,-89140
-68305,38667,124497,-12422
26097,148501,182771,-99889
24061,134599,189829,-91694
20915,121755,194483,-84726
-61398,45804,118064,-13975
-68030,40758,123350,-12348
-54838,83162,107316,2283
-57916,100088,107686,738
24753,137691,190041,-86481
21463,124603,194733,-79764
-52938,39954,117248,-5929
-56468,46620,118250,-11641
-63295,41469,123495,-10069
-64162,42834,123550,-8949
-53565,83417,105907,-241
-56125,87135,110589,-3681
-58783,103943,104899,-7542
-57022,100720,106536,-3086
-51784,96774,112898,1764
-16084,36994,104864,-45453
-55498,41724,124048,-7767
-56372,43006,124060,-6692
-44652,78194,99602,3681
-47032,83246,104912,-1719
-49757,87093,109771,-5949
-52609,104295,104087,-10275
-50792,100928,105810,-5952
-45661,96807,112347,-1237
-10111,34787,107645,-35738
-11442,36050,106538,-43995
-12562,37808,98958,-50910
-39495,82445,104583,-2900
-43550,100482,105790,-8484
-38533,96183,112507,-3905
4576,102668,199572,-41766
577,103617,202697,-46113
-10428,82668,100908,-5437
12505,106901,196429,-36604
7236,104986,199472,-39078
3491,106277,202903,-43044
-759,79489,141729,-39007
-5515,40627,125149,24037
-4954,40540,129618,25958
4286,77046,93384,3437
522,82796,99568,-4933
-3118,87374,105318,-13025
13388,109138,195712,-34187
8269,107551,198981,-36785
4780,109182,202738,-40389
8439,110895,207545,-40724
3595,89183,152801,-39107
2876,82940,141850,-35619
2463,75779,133725,-31052
2162,39792,124262,24012
3101,39611,128669,25958
4215,39487,131113,28069
10556,83210,97936,-2493
6553,87939,103855,-10691
3012,55710,165714,12035
5092,68438,159406,9768
6613,112711,201747,-37810
6698,39560,122618,22841
7833,39327,127007,24695
9130,39162,129450,26773
17067,84335,95637,-1148
12619,89199,101711,-9130
8043,55613,165291,12594
10088,68342,159262,10344
12132,81136,154460,8037
11914,39500,124806,23939
11167,56183,164571,12505
13190,68916,158864,10230
15216,81704,154384,7916
20526,5186,131058,-4413
19908,2328,142184,-9694
27790,5236,128264,-2130
27186,2404,139396,-7722
27142,-240,149738,-13722
37886,8158,125174,-1640
37289,5339,136301,-7544
37225,2667,146615,-13658
48613,8201,133943,-7707
48551,5539,144231,-13827
59091,9035,133475,-7121
59038,6378,143780,-13193
38882,133958,179126,-24705
37003,137599,182953,-26363
24217,114965,106467,-25529
69033,9463,133487,-6585
68980,6806,143798,-12621
47129,136157,174311,-19013
43710,136790,176160,-23299
41923,140615,179685,-24961
30673,131267,123465,-32512
28715,126175,111685,-30255
27100,119850,102612,-26814
19775,60463,114611,-5389
19894,58400,118494,-2025
79014,9886,133520,-6039
78975,7235,143827,-12052
55395,138311,171993,-13291
52408,139142,173468,-17944
50992,143176,176626,-19950
37982,130658,106738,-30674
18880,70730,105672,-19852
27832,69648,103784,-16131
27521,67523,109759,-12858
27427,65453,113701,-9324
89062,7714,143848,-11519
62577,139305,172625,-11005
32027,74869,102109,-23285
40769,73943,100061,-19936
40248,71968,105884,-16880
39956,70042,109676,-13521
40264,61588,33000,5272
42275,64573,29681,5733
43037,70097,27035,6328
99209,8315,143751,-11046
105250,-22086,170068,-17274
54831,75027,99225,-21304
54001,73091,104987,-18660
51067,62891,31771,295
52708,65856,28460,412
53085,71363,25817,942
115304,-21466,169872,-22074
62256,63290,31506,-4407
63534,66230,28186,-4653
63520,71710,25540,-4192
125506,-20738,169604,-26894
73578,64016,30858,-8815
136157,-19587,168921,-31743
135927,-18857,169185,-24449
147327,-17897,167739,-36583
146782,-17162,167990,-29049
118127,107283,66943,-12879
118322,93712,57590,-13437
117718,81254,57504,-14950
158829,-15969,166205,-41415
157932,-15220,166448,-33738
125063,139141,166505,33397
124701,140049,165271,26381
125851,138587,157065,-660
133581,108663,63809,-11708
133777,95105,54463,-12538
133186,82652,54370,-14008
108469,69161,25945,-20394
108205,72025,22599,-21986
169966,-13972,165102,-45728
168671,-13189,165349,-38157
166017,-16955,166391,-33522
134951,148413,167201,39809
134661,140463,164779,36327
134660,141376,163214,29606
136175,145539,163521,25639
138076,139980,154278,4464
138878,139010,140602,133
148518,96586,51688,-10629
147936,84134,51590,-12061
145648,84484,91666,-22894
142714,82440,97412,-22736
120082,71174,24016,-23527
119407,74027,20657,-25366
117948,79398,17982,-25611
178942,-11990,165038,-49179
177305,-11273,165209,-42042
141828,149360,166314,42884
141912,141396,163636,39094
142291,142297,161805,32649
144156,146456,161850,28945
146269,141657,163925,11991
147454,140922,152276,7699
148554,139954,138566,3355
151498,87102,92490,-25149
157857,86107,90349,-25411
154940,84046,96100,-25221
130401,72607,22665,-24236
129331,75447,19299,-25741
127580,80800,16612,-25672
150056,143660,160334,35698
152226,147850,160246,32321
155505,142343,150675,11099
160224,88486,91302,-27131
166581,87455,89149,-28025
163668,85372,94902,-27847
160954,83318,98640,-27316
135783,76701,17991,-26487
171469,87989,94771,-28998
184665,24671,85247,34417
188553,32645,93755,39042
193525,30313,94723,39625
191419,94139,102795,-53724
188676,91840,106300,-53525
186101,89537,107809,-53484
188978,95658,108344,-47592
195381,95527,103979,-54445
192624,93228,107486,-54368
190039,90917,108995,-54477
107674,67120,134488,-643
109310,79546,128782,2387
110693,91895,124377,5449
194026,96910,109306,-43964
200421,97091,104943,-51093
197659,94793,108449,-51517
161042,118232,72872,8528
165792,121578,76006,15469
128308,75830,122566,-875
111449,66923,134439,-3892
113012,79338,128380,-801
114315,91677,123641,2329
207100,96346,109444,-46241
171657,117449,74513,7271
176457,120689,77263,13313
180656,124582,78822,17022
120475,66825,134473,-7507
121707,79239,128179,-4776
287262,82184,120922,26299
286676,84502,116988,26576
282549,79067,115253,20800
277260,70854,116620,13109
271112,62590,120480,5913
265487,55221,125617,-1070
259467,47611,132795,-8033
182234,112940,71812,260
186002,116666,76234,6130
190772,119716,78670,11269
194972,123620,79892,14755
287417,78453,121783,29230
287027,80871,117729,29142
283234,75546,115948,22796
267051,52683,126305,-135
261295,45343,133789,-7553
258347,38869,142461,-14538
237141,17677,184505,-53785
232234,13228,186038,-59946
228123,6937,186013,-67906
224130,70,184852,-76309
219837,-7317,182113,-85703
215919,-16013,177699,-96322
213518,-23686,170366,-107665
279470,73024,117556,32729
276097,67889,115667,26210
261092,46278,125800,3404
255754,39334,133626,-3988
253080,33432,142544,-10815
233706,17394,187220,-49894
229101,13061,189007,-56382
225255,7077,189247,-64597
217477,-6627,185855,-82939
213797,-15083,181571,-93884
211528,-22374,174160,-105061
185194,153816,177256,77738
188818,125246,174552,58777
223644,13148,188172,-44219
219480,9084,190210,-50887
209088,-9298,187992,-77409
205806,-17344,184040,-88376
203835,-24075,176775,-99408
191085,173443,169663,90661
190601,171607,171729,93608
186840,163624,176948,91589
184722,148762,180902,79384
188944,120830,178510,59579
198335,119749,169569,53724
202593,115365,166481,49416
237038,105214,88704,16692
237979,96157,83099,6266
239165,77405,103053,-15730
241467,76467,110575,-20494
245451,79331,115677,-23498
238407,108909,116369,-6717
231788,102612,120992,-7497
189253,166075,174763,90929
188837,164317,176917,93639
185135,156389,182217,91350
183040,141958,186240,79158
187952,114826,184434,60103
197534,113954,175698,54493
201988,109782,172828,50567
240707,99587,95141,23525
241953,90889,89535,13274
242414,83136,91656,4781
244062,73188,108564,-8265
246663,72589,115703,-12858
250952,75754,120430,-15705
255136,80100,124616,-17500
247505,102447,120537,-3687
243141,104543,121605,1098
236442,98254,126550,55
223749,99465,91475,-5810
226250,101780,94522,-2698
230240,103876,96140,-966
234544,108964,85562,-1607
228328,103852,91418,-6011
179090,152460,180338,91939
178921,150805,182445,94254
175466,142972,187720,91714
173589,129041,191707,79731
179854,103012,190294,61154
189867,102473,181749,55677
194759,98657,179059,51905
240877,91537,101983,26659
242581,83313,96481,16842
248956,66912,121750,-7267
253573,70435,126169,-9656
257814,74874,130064,-11356
250375,97135,127161,2254
246271,99049,128617,6940
239824,92830,133954,5988
231121,92729,100157,-4877
233206,94730,102904,-2542
236788,96616,104354,-1509
240587,100099,104321,524
243820,105188,91112,1295
240578,101550,93492,-2590
234127,96567,99153,-7385
153131,143761,184941,80820
156734,143994,184098,83746
158363,142185,184715,86385
158151,138787,186985,88687
158036,136934,188944,90775
154641,128911,194081,88088
152830,115194,197898,76515
226558,72538,104444,20155
239317,61223,134045,-3745
237205,87631,136089,8387
233606,89350,137888,12866
230797,83931,112545,-806
234295,85733,113859,-109
238048,89128,113696,1656
241693,94505,100541,2162
238533,91079,102887,-1709
232258,86314,108368,-6545
132169,136527,180975,74808
136276,137554,185498,77283
139810,137686,184374,79501
141388,135770,184706,81421
141120,132262,186704,83121
218307,80429,112463,-174
119037,133693,178537,72167
123192,134676,182670,73923
126742,134798,181192,75358
128350,132868,181176,76492
128106,129348,182816,77470
111948,133324,178312,70641
116959,127967,177341,71897
84266,132068,162716,58338
85849,129955,161105,56597
85596,126256,161154,54733
76813,135297,162817,53624
80131,135237,159479,51623
81556,133104,157542,49288
81139,129377,157275,46903
77414,136354,160162,50609
80747,136473,156621,48041
82186,134518,154554,45122
81768,130966,154164,42161
74168,131894,162842,48763
77616,132088,159170,45770
79164,130208,156994,42432
78853,126733,156495,39232
67948,125494,165840,47031
71472,125762,162224,43858
73080,123948,160132,40358
-92495,-79099,82953,-85333
-94393,-77545,80735,-81901
-104618,-77308,84178,-87657
-106479,-75867,81929,-84837
-107194,-73572,82548,-81483
-116346,-73440,82438,-83193
-56301,34721,143369,123045
-62054,34204,141012,128006
-61196,32462,141888,130880
-66715,30347,138447,127935
-65667,28475,139211,130363
27634,3540,231778,-40180
28092,310,228336,-40924
38717,2853,233157,-42314
38787,-437,229683,-42917
44054,2480,234210,-42345
43842,-870,230704,-43048
43688,-4254,227430,-43952
46762,-4576,228214,-44149
6127,55463,234069,56216
7364,55908,231368,59472
8987,54727,233519,57069
7784,56360,225878,63146
9530,55044,230846,60495
11134,54030,232962,57818
9562,55356,225226,64284
79160,37938,96896,6520
79611,38035,96653,1476
88741,38747,98177,10061
89537,38249,98641,5895
89976,38006,98404,1763
90081,37335,97743,-2531
95961,39833,99507,11410
97033,38359,100597,7698
97699,37395,101193,4175
98007,36673,101101,757
97972,35522,100592,-2734
97448,33302,100058,-6131
101503,35143,104109,2928
102009,33723,104635,-113
102160,32556,104454,-2817
101964,30976,103856,-5586
103026,30810,106262,-3464
103001,29471,106133,-5338
100855,32441,109167,-2649
101169,30539,109751,-4219
101103,28873,109655,-5473
98621,32693,112483,-3757
98921,30449,113071,-4671
98859,28443,112963,-5293
96729,30583,115929,-5137
-59353,78331,111845,9571
-60211,71161,106097,6578
-60593,64585,100397,3059
-60407,76597,110605,1823
-60915,69153,105119,-1197
-60942,62328,99682,-4358
26827,34021,76609,-45820
29962,35598,77094,-39776
36644,36350,77154,-43365
39854,37922,78182,-36161
42735,37747,76517,-47748
47010,39140,77904,-40578
50296,40710,79472,-32227
53360,40940,76898,-45229
57723,42351,78833,-37425
61090,43918,80948,-28147
68797,45935,80001,-33847
72245,47499,82645,-24038
3508,91996,109416,13989
83619,51445,84559,-19606
13466,88378,109182,22403
9040,89884,104500,14627
6972,89478,97794,4986
18652,86280,104548,22763
14502,88062,99326,15315
12647,88057,92211,6155
23515,84393,99695,23117
19643,86455,93945,16087
18000,86850,86424,7403
24635,85157,88255,16874
23200,85950,80328,8670
151874,-12694,143816,49168
154418,-24168,135268,53856
145147,-15729,145579,41825
147690,-27434,136640,46179
150282,-38570,126532,51379
152378,-48014,115358,57414
140383,-30305,137761,38904
142933,-41671,127285,43953
145318,-51344,115730,50448
114885,179327,66265,-68503
109153,188081,52161,-69493
110339,183423,69419,-68490
111205,177437,87363,-66718
105748,180990,91300,-66781
100314,184224,95312,-66585
-29870,-4760,139588,-18074
-29851,-11171,133689,-27713
-28767,-4051,136623,-15082
-28713,-10237,131015,-24404
-28534,-17302,124680,-33549
-27370,-3512,133590,-12008
-27277,-9477,128157,-21005
-27058,-16322,121774,-29939
-26004,-3352,130778,-8883
-25873,-9097,125363,-17572
-25616,-15720,118946,-26165
-24539,-9065,122687,-14011
-24240,-15466,116222,-22303
-23711,-9587,120363,-10371
-23371,-15763,113865,-18353
-22463,-16323,111509,-14219
5714,-65884,-6862,-4047
-1474,-64338,21934,10673
3656,-64882,5786,7366
8702,-65284,-9764,2961
13556,-65394,-18392,-2537
55027,88593,71769,20170
-14171,149439,-99641,-46105
-13418,152930,-100930,-43071
1479,-64291,18401,17953
6822,-64442,2396,14641
12079,-64445,-13015,9917
17146,-64154,-21510,3883
60386,89574,73186,15849
-13739,145999,-98971,-50565
-14333,151095,-99761,-46332
-13885,154619,-100753,-44328
21309,-63135,-24483,9932
66277,90509,74835,10641
68420,90352,92796,16421
-10260,138862,-99616,-54492
-12819,147285,-99077,-49626
-13455,152421,-99743,-46100
-13313,155977,-100431,-45043
4057,-29153,86279,49427
3844,-33888,76354,49356
72743,91369,76747,4578
75020,90796,94496,10608
-8725,139915,-99423,-52146
-11160,148254,-98982,-48034
-27461,207411,75709,19000
-25261,213109,91825,31111
9986,-27502,94798,52526
9327,-31829,84847,54503
8910,-36518,74508,55566
79932,92180,78856,-1698
82199,91203,96395,4512
83895,89955,113983,10883
-25230,206456,76942,16825
-22817,211667,93195,29444
-19522,216930,108546,42411
17460,-18382,103856,59502
16734,-30370,93928,56387
15981,-34777,83709,59530
15334,-39466,73026,61402
87313,92939,81181,-7790
89372,91560,98506,-1647
90853,89905,115883,4989
-21376,205426,78126,15183
-18749,210151,94501,27839
-15239,214931,109991,41048
-11421,212537,125281,47915
25732,-21192,103308,62543
24926,-33258,93122,60014
24112,-37748,82624,63848
96770,92088,100610,-7724
98043,90029,117767,-1125
-12997,208803,95529,26449
-9270,213110,111152,39527
34738,-35940,92096,63306
33847,-40511,81325,67673
67635,-21065,-56035,10240
68595,-8397,-59143,2969
76388,-19432,-58234,12447
77386,-6530,-61032,5397
84826,-17930,-60262,14543
85862,-4800,-62742,7800
92719,-16717,-61963,16487
93790,-3352,-64136,10075
99971,-15761,-63365,18227
101075,-2171,-65223,12128
105557,19609,26573,15129
109153,17409,33095,14250
106821,16485,40817,24573
111586,12744,36546,2953
112995,14967,39287,13401
110450,13630,46398,24193
116105,10597,42655,2304
117300,12412,45010,12688
114551,10673,51457,23633
122089,9947,50045,12165
119121,7809,55815,23031
93387,-28941,156325,62294
92498,-36266,157500,55607
87457,-30561,155367,60297
86303,-37811,156541,53844
112907,250871,83141,27227
110980,244200,91224,17092
80794,-31900,154236,57574
79375,-39071,155415,51335
114655,255931,76261,42686
113152,249864,83478,32544
111524,243234,91334,22508
126514,156432,149674,-33863
127671,145349,149519,-34095
72675,-32727,152675,53567
70847,-39839,153845,47551
113525,249981,69765,47153
112568,252630,76186,45424
111473,246707,83271,35698
110244,240214,90990,26112
128408,153408,151194,-23806
129685,142275,151505,-23742
132758,131912,149516,-23618
63763,-32581,150273,48194
61500,-39596,151322,42790
106233,248539,74913,47977
105552,242754,81862,38925
126888,150394,152212,-12751
128203,139269,152885,-12436
131280,128902,151166,-12216
125207,148211,151999,-2054
126527,137087,152941,-1454
131714,80598,141128,52186
134992,68242,137526,51867
125168,87962,143428,61769
128808,76880,140764,62100
132087,64789,137429,61556
121828,83848,142790,71462
125478,73032,140392,71710
128757,61215,137327,70657
-81502,30216,97060,-11037
-81711,31519,97033,-5429
-81483,33497,96761,-58
-80846,35806,96262,5093
-79742,37748,95626,10362
-78209,38679,95327,16288
-77369,32003,95251,-355
-76738,34302,94752,5284
-75642,36234,94136,10802
-72377,30071,92405,-6607
-72165,32041,92137,-646
-71534,34332,91640,5465
-70437,36255,91029,11548
-68919,37193,90733,17717
-67350,30272,89106,-7153
-67134,32234,88838,-888
-66505,34519,88353,5737
-65422,36436,87754,12314
-63893,37377,87443,18658
-62110,30582,85746,-7419
-61895,32535,85477,-904
-61268,34808,84996,6040
-60191,36717,84405,13004
-56366,31118,82186,-7708
-56168,33084,81918,-922
-55548,35352,81434,6206
-45235,32397,77313,-6209
-44839,34431,76941,823
-44023,36773,76353,8237
-19145,44045,66055,1865
28907,65399,127543,77979
31320,63744,126056,80888
22661,66967,129583,74846
25090,64838,127332,77820
27510,62892,126472,80715
-45106,-3794,77466,-86907
20511,64669,128531,73633
23000,62442,126344,76426
-48158,-2346,74666,-91535
-50982,342,76068,-89413
25376,60096,125356,68513
-51110,-822,71860,-88892
-54185,1941,73385,-86801
-46921,879,69143,-82745
-49953,3715,70783,-80873
-75756,98252,121006,50581
-69012,97010,121956,40595
-17931,69575,170239,-16198
-16202,75448,161152,-15875
-9879,68679,171059,-18530
-8455,74487,162031,-18018
-4554,73522,162910,-19424
-3454,78878,153622,-19194
54918,-61986,102650,49244
65174,-73588,93892,70661
67669,-69377,100473,57211
68133,-75143,93183,68377
68960,-73208,91024,64838
61057,-57257,107589,43983
70905,-76761,92473,65697
62994,-57076,109008,43632
64616,-57090,110780,43164
66563,-61733,108087,48547
64838,60386,109864,9098
74447,877,109563,9334
74339,-2609,107507,8967
70652,61648,108716,8238
72217,57963,109781,7606
80466,-58,108026,9193
80501,-3685,106119,9352
76374,62742,106918,5882
77814,58926,107862,5744
86010,-630,106150,8848
86167,-4397,104393,9566
77839,66449,104143,2087
79054,63280,105352,3030
80352,59330,106150,3418
84401,39091,103631,2486
85101,32353,103379,3715
82319,39195,100965,942
83014,32484,100714,2243
78573,39117,97985,-822
79266,32440,97744,631
71721,38171,94001,-3442
72389,31767,93533,-1542
-26701,28681,76469,-11392
-37650,58982,95150,2932
-37338,53792,90058,-868
-36756,49170,85030,-4372
-37587,57767,93793,-3998
-37002,52580,88928,-7736
-36146,47950,84124,-10773
16408,-66738,98344,-46674
37447,41177,57583,-40167
39948,42066,57190,-33918
44979,43811,57615,-38872
47528,44694,57680,-31698
52591,46599,58045,-36970
55187,47489,58543,-29021
60849,49877,58439,-34964
63493,50755,59379,-26532
65671,51441,60789,-17657
27314,68032,83826,27652
25644,66892,77814,19788
24127,66095,72413,12155
31683,66251,79541,27458
30166,65438,73200,20042
28837,64985,67465,12829
35982,64714,74872,27456
34643,64239,68221,20404
33549,64179,62209,13501
38633,63069,63087,20657
109337,-39095,117751,31473
103858,-41964,117682,24835
103810,-51276,110792,28455
103869,-59393,103367,32666
97350,-44748,117676,18685
97284,-54258,110760,22084
97301,-62567,103313,26539
68471,14123,29649,18783
98611,160453,47295,-57237
98516,162900,59522,-60384
98485,160041,72227,-59122
97871,156053,84399,-57251
67597,11357,29471,12253
69034,12080,37720,20158
94915,163335,75131,-58104
93952,159140,87464,-56353
92256,169536,64588,-57905
91764,166532,77936,-56995
90436,162138,90416,-55449
67394,9816,36434,13725
68713,9875,45455,20884
89351,172625,66873,-56446
88616,169544,80474,-55846
86916,164936,93102,-54472
85747,172527,82849,-54365
83692,167728,95628,-53230
65919,6409,51051,9498
67047,5605,53295,15370
65434,5358,54960,4432
66194,4778,57506,10345
55158,-58648,95644,22586
55710,-49248,82540,15061
50296,-71158,107806,15719
2682,0,103238,-8797
1320,-11290,96666,-10839
204,-15462,90406,-19348
3283,-10499,94609,-8815
2204,-14486,88616,-17096
927,-19339,82933,-25386
5369,-9945,92499,-6663
4301,-13745,86775,-14679
3060,-18412,81370,-22746
6156,-13206,85126,-11998
4950,-17674,79978,-19825
8034,-12888,83782,-9325
6872,-17170,78914,-16880
8612,-16858,77946,-13984
17184,-32214,132536,-36038
14056,-36392,122934,-39237
16003,-31391,131209,-38643
12727,-35405,121241,-41545
14718,-30322,130004,-40885
11304,-34208,119652,-43434
8108,-38780,108926,-46076
17166,-24718,136332,-40080
13578,-29130,129010,-43163
10015,-32903,118311,-45311
6718,-37346,107442,-47985
25763,-53245,13599,552
23008,-54046,16816,-2144
20338,-54952,20028,-5636
12291,-27845,128331,-45046
8740,-31530,117426,-47323
28156,-52964,11300,6959
25294,-53432,14362,4397
22519,-54001,17415,664
16294,-55798,22012,-162
27520,-53032,12124,10734
24618,-53274,15004,6557
18418,-54896,19562,5362
-8434,96326,-65546,-42197
-9184,105050,-61248,-37350
30181,-53217,10253,16763
27146,-53126,12966,12102
20948,-54554,17468,10570
65169,118131,57311,1147
64799,117511,70765,8088
-9938,97084,-65610,-41682
-10893,105815,-61047,-37195
70577,118329,58779,-3652
70029,117367,72057,3717
-8881,90697,-67445,-44678
-10097,97767,-65731,-40885
-11201,106595,-60961,-36628
-12045,115883,-55303,-32399
35819,-36047,67809,41450
38884,-37922,61894,42735
75974,118542,60368,-8511
75243,117247,73489,-867
74004,116656,86524,7629
-7604,91480,-67856,-42844
-9064,98548,-66060,-39365
-28178,181058,86126,21095
-28843,185735,96975,27554
35451,-36931,73267,43765
38989,-38429,67101,46592
42317,-40297,61009,48848
82048,119370,61560,-13265
81123,117753,74513,-5692
79698,116810,87390,3216
-26548,180674,86436,18792
-27060,184972,97390,25680
-27260,189028,108212,33118
36241,-30309,79453,50330
39606,-39420,72982,47506
43049,-40965,66617,51179
87079,118123,75735,-10265
85492,116830,88444,-1360
-22938,180596,86392,16488
-23272,184502,97446,23364
-23277,188179,108349,31118
45636,-41616,72476,50704
49019,-43219,65885,54804
50947,-26455,-3779,16538
51628,-16710,-6374,11352
52102,-6288,-8866,5861
92025,117415,89107,-5810
-18612,183954,97604,20894
-18431,187255,108613,28594
58471,-25077,-6081,18536
59187,-15147,-8413,12920
59687,-4527,-10655,7683
66621,-13793,-10283,14463
67142,-2982,-12268,9493
67837,7463,-13921,4084
10914,89338,-67332,-26375
73740,-12574,-12046,15878
74301,-1577,-13773,11131
81069,-433,-14981,12686
38019,135189,111815,38136
34540,118460,103634,37807
34232,128140,113370,44445
30853,101143,95743,38146
30570,111194,105476,45346
86050,50,48762,16737
98900,14790,57546,24466
100722,14812,65228,21307
33174,-51038,61380,-96132
27509,-51305,49315,-87019
30746,-46010,60296,-96862
25133,-46595,48397,-88113
102243,209671,100957,-37335
98919,205783,108285,-45074
101744,210198,100498,-32749
98465,206483,107515,-40507
95861,196081,113977,-42975
95713,196529,112931,-39011
96050,196968,111872,-34807
96618,197380,110800,-30352
97158,197626,109750,-25812
94462,188130,115308,-30194
95290,188878,113840,-26117
81083,38231,31589,20696
85026,36652,31310,12099
84842,36578,35734,20550
84499,36397,40755,28806
88907,34993,35761,12005
88430,34484,39968,20538
87917,33985,44665,28884
93478,33448,39640,12175
92750,32522,43614,20549
92088,31692,48020,28850
85144,-21120,140590,56817
86079,-26783,141271,49562
120794,212650,71134,39624
107605,153679,109313,-48055
108721,148769,107939,-50858
110271,143911,106181,-53030
111798,138604,104540,-54875
113501,133071,102681,-56388
79844,-22468,139456,56443
80559,-28077,140091,49299
123956,213466,63586,52633
122749,216683,66765,50357
121626,213450,70208,41642
120176,209992,73936,32963
112564,150064,107502,-47310
114222,145098,106076,-49203
115843,139693,104767,-50659
117666,134052,103224,-51674
74296,-23688,138146,55567
74807,-29233,138729,48582
123169,212917,63393,50173
122064,216248,66464,48433
121052,213140,69800,40242
118795,139891,105047,-42354
120725,134143,103825,-42837
68355,-24515,136707,54072
68417,-29991,137259,47062
114681,211223,69657,39450
118676,133068,104528,-33898
61555,-25041,134891,51542
61188,-30382,135374,44935
54058,-24846,132484,48000
53355,-29959,132789,41963
124382,72082,102800,28703
118653,91231,102065,34727
119520,79904,103716,36489
122408,70034,102844,37965
125848,60222,100682,38603
117486,77798,103358,45734
120370,67928,102704,46972
-89294,69594,89012,-2551
-88804,68426,88928,1731
-82728,68564,88852,2973
-74549,73163,86259,-20477
-65941,63747,85137,24757
-63920,63278,82972,29202
-63732,73288,86216,-19630
-64324,73310,87184,-15161
-55082,63832,85088,24564
-53014,63370,82930,29033
-49715,72897,83391,-22525
-50591,73431,86107,-18486
-51183,73463,87099,-14103
-41868,63956,85086,24356
-39791,63493,82911,28834
-39265,73805,85771,-18578
108848,68982,49996,24457
103027,49487,64653,9849
103071,46847,64433,7311
-19610,130032,54490,72708
-25896,124098,57772,72781
-38649,112257,64265,67946
-21161,-42215,36725,-103793
-24035,-38979,31743,-99624
-24641,-38675,35785,-106994
-27645,-35519,30995,-103321
-30587,-32095,25947,-99360
-34068,-28500,25050,-99328
-37817,-25851,26961,-95590
-11221,-9957,55185,-80369
-33386,-24876,24248,-94886
-36892,-22332,26058,-91389
203275,118161,11055,-90219
200852,127584,16912,-97466
198307,137007,24139,-104453
207759,122479,11517,-93932
205157,132093,17209,-100645
202438,141692,24594,-107098
211407,126747,12029,-97194
208632,136540,17556,-103355
205737,146311,25095,-109253
211421,140913,17971,-105527
131144,-130676,65800,26789
44668,29872,189922,38183
53547,142853,157369,-23585
47579,147483,159681,-16241
42339,147315,160121,-7654
50098,149932,159366,-20975
44185,154115,161987,-13482
39240,153354,162824,-4680
34491,152655,163791,3638
29623,152121,165257,11328
40660,160160,165050,-11594
31563,157497,167493,5574
26997,156363,169403,13611
22270,154986,171824,21099
28994,161800,171878,6533
24719,160077,174391,14635
20300,158096,177390,22175
27200,165498,176920,6990
23230,163176,180012,14902
19106,160590,183328,22223
14898,157138,185034,28336
22161,165487,185883,14375
18334,162306,189064,21434
14420,158240,190316,27236
5613,125985,187173,29310
6921,123341,187555,26856
7093,110059,181939,24741
7797,119731,186451,25946
7819,106375,180113,23552
7748,92606,172848,21273
8867,79729,166799,19695
33756,140796,129188,-7920
33204,150446,143890,-8248
9269,103595,177019,23667
9259,89821,169215,21097
10450,76816,162670,19289
31874,144576,134070,-6798
31162,153634,148806,-6697
28542,160046,161170,-4941
30564,148104,138724,-5781
29698,156560,153396,-5124
27050,162442,165636,-2954
28808,159272,157474,-3591
26140,164628,169492,-1053
30613,179459,211873,-4782
25901,183957,219007,-2927
23776,181712,222270,3221
30275,178055,215493,-3288
25369,181795,222763,-934
23328,179152,225784,5409
23627,171405,225747,11963
23729,167789,229133,13564
24462,163724,232496,15182
24859,23945,128905,-11119
27938,25498,122798,-12437
30710,30118,131130,-9546
31672,26620,116602,-13660
34778,31710,125680,-10459
38185,34773,130937,-8327
49572,82350,174984,68750
35816,27588,110658,-14543
39213,33079,120451,-11348
43026,36548,126392,-9157
55825,75215,176245,72640
56806,63412,161748,69021
56756,51340,146924,60968
44031,34491,115379,-11827
48314,38282,121976,-9851
53337,35721,122561,-11931
61874,67902,177680,75730
62729,56107,162645,71681
62547,44297,147269,63390
48939,36091,110483,-12001
53625,40107,117725,-10310
59127,37873,119215,-12789
68165,48851,163595,73330
67890,37520,147622,65031
68007,28091,131453,54442
73082,41882,164486,74082
72724,31154,147902,65973
72828,22464,131178,55499
76930,25152,148276,66215
77026,17168,131010,55892
78237,11737,115057,45191
79259,8133,100375,35073
79817,6213,86611,25474
80017,5805,72979,16024
80794,12332,130780,56496
81850,7634,114122,46138
82588,4760,98604,36379
82832,3568,84018,26738
82710,3882,69528,16948
85653,15411,148373,68142
85694,8830,130428,58145
86521,3295,66795,18135
86019,6413,52287,8136
84049,10149,39615,-38
117529,-9921,205597,-69057
92214,20564,165104,77359
91374,12284,147864,70053
91722,1976,80220,29638
91134,3750,64494,19062
90590,7556,49658,8786
88550,11788,37022,571
83881,14437,30201,-5144
122047,-5883,208717,-71682
97387,26327,180359,83481
98364,17782,164252,79125
97378,10078,146986,71966
93365,13897,35165,553
88698,16704,28506,-5216
127010,-2544,211396,-74352
126868,-10416,213406,-76317
103338,23854,178966,85318
104409,15871,162995,81018
103272,8758,145790,73711
98110,16342,34052,-73
93497,19289,27547,-5947
131977,-8095,216001,-79165
131929,-10781,211015,-73357
131615,-12253,205627,-64060
109097,22281,177097,87346
110262,14884,161312,82824
109056,8344,144226,75230
102776,19178,33632,-810
98237,22277,27297,-6805
137236,-6238,218328,-81363
137190,-9446,213588,-75661
136681,-11431,208315,-66319
126153,-40817,190179,-3725
102499,123027,238643,61214
98648,121688,246358,74229
132162,-37900,198046,-13278
129585,-41857,190909,-4117
126467,-46351,183207,4074
105890,120644,236748,66415
101921,119357,243715,79600
99330,116916,243896,88956
135509,-39065,198681,-13244
132917,-43015,191365,-4337
129799,-47497,183481,3606
98921,108433,203037,48722
108665,118485,234873,71071
104667,117301,241037,84080
102202,114928,240554,93000
104218,107188,236052,94665
138663,-40387,199077,-12628
136072,-44334,191576,-4309
132937,-48807,183493,3177
103684,102134,191500,45835
102509,105901,203619,54100
102642,108982,212400,61340
107514,115662,238258,86860
105173,113343,237195,95025
158232,65292,116712,-38845
164956,63424,124660,-44852
108589,100031,192617,50687
107054,103666,204248,58777
107262,106830,212454,65320
158855,62783,107341,-36091
165824,64904,119512,-38262
172129,62763,127469,-43749
175448,57634,136876,-45578
113055,98243,194009,54786
111218,101836,205080,62573
181553,56411,139883,-43637
116868,91022,180996,52737
116747,97069,195741,58100
114665,100629,206213,65515
186935,54701,142783,-40787
187730,50094,154192,-41579
119684,90628,183520,55043
119251,96657,197735,60464
116967,100131,207685,67420
191616,47372,156474,-37607
192212,7896,206348,-32353
196352,12764,196798,-23503
193652,6428,204532,-26475
190354,-490,211126,-28982
186612,-7916,216604,-30814
183524,-16598,218190,-32855
187331,-8123,214175,-24943
184115,-16449,215821,-26626
202819,30355,146389,4607
201836,26056,156988,1934
186958,-7930,211822,-18532
183628,-15874,213640,-19765
180724,-22326,209600,-18604
201752,32508,136292,12468
201804,27980,145502,9829
200635,23923,156153,6752
185166,-7320,209706,-11397
181777,-14883,211829,-12230
179032,-21260,208194,-11325
176589,-25935,204481,-8860
173916,-31194,201778,-6883
199703,30399,134753,17213
199452,26176,144136,14487
198138,22390,154836,11441
178698,-13368,210306,-3944
176131,-19665,207137,-3289
173828,-24300,203830,-1483
171208,-29582,201424,-511
196484,28752,132916,21764
195929,24829,142479,19300
194481,21341,153169,16632
191977,24017,140347,24305
113714,57084,224960,-10050
112334,54718,226372,-15638
110720,52302,227406,-20996
112669,40313,218849,-27832
107104,61332,235046,-18973
108983,49921,228015,-26047
111074,38182,219184,-33029
105097,58665,235439,-24273
107122,47508,228128,-30894
109376,36054,219058,-37836
103103,56131,235357,-29500
105278,45254,227778,-35595
107682,34056,218436,-42091
104027,43351,227037,-39790
-12923,218311,104911,82906
-30281,-59889,67151,-106426
-22892,-56234,77374,-102355
-26379,-58673,71683,-105960
-29958,-55390,66342,-103805
-22097,-52075,76265,-100136
-25427,-54293,70731,-103403
-28848,-50884,65536,-100795
